{"cameraMode":{"drawMode":0,"name":"Shaded","section":"Shading Mode"},"sceneLighting":true,"audioPlay":false,"sceneViewState":{"showFog":true,"showMaterialUpdate":false,"showSkybox":true,"showFlares":true,"showImageEffects":true,"showParticleSystems":true},"in2DMode":false,"pivot":{"x":11.767738342285157,"y":-5.586512565612793,"z":-14.202346801757813},"rotation":{"x":0.21965229511260987,"y":0.3986819386482239,"z":-0.09896323084831238,"w":0.884880006313324},"size":21.859352111816408,"orthographic":false}